snpID, Gene Name, BE1, BE2, BE3,HF-BE3,BE4(max),BE4-Gam,YE1-BE3,YEE-BE3, VQR-BE3,VRER-BE3,SaBE3, SaBE4,SaBE4-Gam, Sa(KKH)-BE3,Cas12a-BE,Target-AID,Target-AID-NG,xBE3,eA3A-BE3,BE-PLUS,ABE 7.9, ABE 7.10,ABE 7.10*,xABE,ABESa,VQR-ABE,VRER-ABE, Sa(KKH)-ABE
rs28937596,EIF2B5,['Match 0 0', 'Match 0 0', 'Match 0 0', 'Match 0 0', '0 0 0', 'Match 0 0', 'Match 0 Quiet Match', 'Match Clean Match Quiet Match', 'Match 0 0', '0 0 0', '0 0 0', '0 0 0', '0 0 0', '0 0 0', '0 0 0', '0 0 0', '0 0 0', 'Match 0 Quiet Match', 'Match 0 0', 'Match 0 0', '0 0 0', '0 0 0', '0 0 0', '0 0 0', '0 0 0', '0 0 0', '0 0 0', '0 0 0']
rs1064793014,ABCA4,['0 0 0', '0 0 0', '0 0 0', '0 0 0', '0 0 0', '0 0 0', '0 0 0', '0 0 0', '0 0 0', '0 0 0', '0 0 0', '0 0 0', '0 0 0', '0 0 0', '0 0 0', '0 0 0', '0 0 0', '0 0 0', '0 0 0', '0 0 0', '0 0 0', '0 0 0', '0 0 0', '0 0 0', '0 0 0', '0 0 0', '0 0 0', '0 0 0']
rs118192143_0,RYR1,['0 0 0', '0 0 0', '0 0 0', '0 0 0', '0 0 0', '0 0 0', '0 0 0', '0 0 0', '0 0 0', '0 0 0', '0 0 0', '0 0 0', '0 0 0', '0 0 0', '0 0 0', '0 0 0', '0 0 0', '0 0 0', '0 0 0', '0 0 0', 'Match 0 0', '0 0 0', 'Match 0 0', 'Match 0 0', '0 0 0', '0 0 0', '0 0 0', 'Match 0 0']
rs1057516211,AIFM1,['0 0 0', '0 0 0', '0 0 0', '0 0 0', '0 0 0', '0 0 0', '0 0 0', '0 0 0', '0 0 0', '0 0 0', '0 0 0', '0 0 0', '0 0 0', '0 0 0', '0 0 0', '0 0 0', 'Match 0 Quiet Match', 'Match Clean Match Quiet Match', '0 0 0', 'Match 0 Quiet Match', '0 0 0', '0 0 0', '0 0 0', '0 0 0', '0 0 0', '0 0 0', '0 0 0', '0 0 0']
rs397515468,ADAMTS18,['0 0 0', '0 0 0', '0 0 0', '0 0 0', '0 0 0', '0 0 0', '0 0 0', '0 0 0', 'Match 0 0', '0 0 0', '0 0 0', '0 0 0', '0 0 0', '0 0 0', '0 0 0', 'Match 0 Quiet Match', 'Match 0 Quiet Match', 'Match 0 Quiet Match', '0 0 0', 'Match 0 0', '0 0 0', '0 0 0', '0 0 0', '0 0 0', '0 0 0', '0 0 0', '0 0 0', '0 0 0']
rs397508183,CFTR,['0 0 0', '0 0 0', '0 0 0', '0 0 0', '0 0 0', '0 0 0', '0 0 0', '0 0 0', '0 0 0', '0 0 0', '0 0 0', '0 0 0', '0 0 0', '0 0 0', '0 0 0', '0 0 0', '0 0 0', '0 0 0', '0 0 0', '0 0 0', '0 0 0', '0 0 0', '0 0 0', '0 0 0', '0 0 0', '0 0 0', '0 0 0', 'Match Clean Match Quiet Match']
rs104895098_1,MEFV,['0 0 0', '0 0 0', '0 0 0', '0 0 0', '0 0 0', '0 0 0', '0 0 0', '0 0 0', '0 0 0', '0 0 0', '0 0 0', '0 0 0', '0 0 0', '0 0 0', '0 0 0', '0 0 0', '0 0 0', '0 0 0', '0 0 0', '0 0 0', '0 0 0', '0 0 0', '0 0 0', 'Match 0 0', '0 0 0', 'Match 0 0', '0 0 0', '0 0 0']
rs1009131948,TTN,['0 0 0', '0 0 0', '0 0 0', '0 0 0', '0 0 0', '0 0 0', '0 0 0', '0 0 0', '0 0 0', '0 0 0', '0 0 0', '0 0 0', '0 0 0', '0 0 0', '0 0 0', '0 0 0', '0 0 0', '0 0 0', '0 0 0', '0 0 0', '0 0 0', 'Match 0 Quiet Match', 'Match 0 Quiet Match', 'Match 0 Quiet Match', '0 0 0', '0 0 0', '0 0 0', '0 0 0']
rs57599352,KRT5,['0 0 0', '0 0 0', '0 0 0', '0 0 0', '0 0 0', '0 0 0', '0 0 0', '0 0 0', '0 0 0', '0 0 0', '0 0 0', '0 0 0', '0 0 0', '0 0 0', '0 0 0', '0 0 0', '0 0 0', 'Match 0 0', '0 0 0', '0 0 0', '0 0 0', '0 0 0', '0 0 0', '0 0 0', '0 0 0', '0 0 0', '0 0 0', '0 0 0']
rs398123113,ABCD1,['0 0 0', '0 0 0', '0 0 0', '0 0 0', '0 0 0', '0 0 0', '0 0 0', '0 0 0', '0 0 0', '0 0 0', '0 0 0', '0 0 0', '0 0 0', '0 0 0', '0 0 0', '0 0 0', '0 0 0', '0 0 0', '0 0 0', '0 0 0', '0 0 0', '0 0 0', '0 0 0', '0 0 0', '0 0 0', '0 0 0', '0 0 0', '0 0 0']
rs72558415,OTC,['0 0 0', '0 0 0', '0 0 0', '0 0 0', '0 0 0', '0 0 0', '0 0 0', '0 0 0', '0 0 0', '0 0 0', '0 0 0', '0 0 0', '0 0 0', '0 0 0', '0 0 0', '0 0 0', '0 0 0', '0 0 0', '0 0 0', '0 0 0', '0 0 0', '0 0 0', '0 0 0', 'Match Clean Match Quiet Match', 'Match Clean Match Quiet Match', '0 0 0', '0 0 0', 'Match Clean Match Quiet Match']
rs1114167297,KIF5B,['0 0 0', '0 0 0', '0 0 0', '0 0 0', '0 0 0', '0 0 0', '0 0 0', '0 0 0', 'Match 0 0', '0 0 0', '0 0 0', '0 0 0', '0 0 0', '0 0 0', 'Match Clean Match Quiet Match', '0 0 0', '0 0 0', 'Match 0 Quiet Match', '0 0 0', '0 0 0', '0 0 0', '0 0 0', '0 0 0', '0 0 0', '0 0 0', '0 0 0', '0 0 0', '0 0 0']
rs1057519777,MTOR,['0 0 0', '0 0 0', '0 0 0', '0 0 0', '0 0 0', '0 0 0', '0 0 0', '0 0 0', '0 0 0', '0 0 0', '0 0 0', '0 0 0', '0 0 0', '0 0 0', '0 0 0', '0 0 0', '0 0 0', '0 0 0', '0 0 0', '0 0 0', 'Match Clean Match Quiet Match', '0 0 0', 'Match Clean Match Quiet Match', 'Match 0 Quiet Match', 'Match 0 0', 'Match Clean Match Quiet Match', '0 0 0', 'Match 0 Quiet Match']
rs281875334,ACTB,['0 0 0', '0 0 0', '0 0 0', '0 0 0', '0 0 0', '0 0 0', '0 0 0', '0 0 0', '0 0 0', '0 0 0', '0 0 0', '0 0 0', '0 0 0', '0 0 0', '0 0 0', '0 0 0', '0 0 0', '0 0 0', '0 0 0', '0 0 0', '0 0 0', '0 0 0', '0 0 0', '0 0 0', '0 0 0', '0 0 0', '0 0 0', '0 0 0']
rs199472726,KCNQ1,['0 0 0', '0 0 0', '0 0 0', '0 0 0', '0 0 0', '0 0 0', '0 0 0', '0 0 0', '0 0 0', '0 0 0', '0 0 0', '0 0 0', '0 0 0', '0 0 0', '0 0 0', '0 0 0', '0 0 0', '0 0 0', '0 0 0', '0 0 0', '0 0 0', '0 0 0', '0 0 0', 'Match Clean Match Quiet Match', '0 0 0', '0 0 0', '0 0 0', '0 0 0']
rs797045390,ATP7A,['0 0 0', '0 0 0', '0 0 0', '0 0 0', '0 0 0', '0 0 0', '0 0 0', '0 0 0', '0 0 0', '0 0 0', '0 0 0', '0 0 0', '0 0 0', '0 0 0', '0 0 0', '0 0 0', '0 0 0', '0 0 0', '0 0 0', '0 0 0', '0 0 0', 'Match 0 0', 'Match 0 0', 'Match 0 0', '0 0 0', '0 0 0', '0 0 0', '0 0 0']
rs786201957,ATM,['0 0 0', '0 0 0', '0 0 0', '0 0 0', '0 0 0', '0 0 0', '0 0 0', '0 0 0', '0 0 0', '0 0 0', '0 0 0', '0 0 0', '0 0 0', '0 0 0', '0 0 0', '0 0 0', '0 0 0', '0 0 0', '0 0 0', '0 0 0', 'Match Clean Match Quiet Match', '0 0 0', 'Match Clean Match Quiet Match', 'Match Clean Match Quiet Match', '0 0 0', '0 0 0', '0 0 0', 'Match 0 0']
rs397516933,DSP,['0 0 0', '0 0 0', '0 0 0', '0 0 0', '0 0 0', '0 0 0', '0 0 0', '0 0 0', '0 0 0', '0 0 0', '0 0 0', '0 0 0', '0 0 0', '0 0 0', '0 0 0', '0 0 0', '0 0 0', '0 0 0', '0 0 0', '0 0 0', '0 0 0', '0 0 0', '0 0 0', '0 0 0', '0 0 0', '0 0 0', '0 0 0', '0 0 0']
rs104894633,RAI1,['0 0 0', '0 0 0', '0 0 0', '0 0 0', '0 0 0', '0 0 0', '0 0 0', '0 0 0', '0 0 0', '0 0 0', '0 0 0', '0 0 0', '0 0 0', '0 0 0', '0 0 0', '0 0 0', '0 0 0', '0 0 0', '0 0 0', '0 0 0', '0 0 0', '0 0 0', '0 0 0', 'Match 0 0', '0 0 0', 'Match 0 0', '0 0 0', '0 0 0']
rs104893957,FOXC1,['0 0 0', '0 0 0', '0 0 0', '0 0 0', '0 0 0', '0 0 0', '0 0 0', '0 0 0', '0 0 0', '0 0 0', '0 0 0', '0 0 0', '0 0 0', '0 0 0', '0 0 0', '0 0 0', '0 0 0', '0 0 0', '0 0 0', '0 0 0', '0 0 0', '0 0 0', '0 0 0', 'Match 0 Quiet Match', 'Match 0 0', '0 0 0', '0 0 0', 'Match 0 0']
rs587784299,PCDH19,['0 0 0', '0 0 0', '0 0 0', '0 0 0', '0 0 0', '0 0 0', '0 0 0', '0 0 0', 'Match Clean Match Quiet Match', '0 0 0', '0 0 0', '0 0 0', '0 0 0', 'Match 0 Quiet Match', '0 0 0', '0 0 0', '0 0 0', 'Match Clean Match Quiet Match', '0 0 0', 'Match 0 Quiet Match', '0 0 0', '0 0 0', '0 0 0', '0 0 0', '0 0 0', '0 0 0', '0 0 0', '0 0 0']
rs121908316,HPS3,['0 0 0', '0 0 0', '0 0 0', '0 0 0', '0 0 0', '0 0 0', '0 0 0', '0 0 0', '0 0 0', '0 0 0', '0 0 0', '0 0 0', '0 0 0', '0 0 0', '0 0 0', '0 0 0', '0 0 0', '0 0 0', '0 0 0', '0 0 0', '0 0 0', 'Match 0 Quiet Match', 'Match 0 0', 'Match 0 Quiet Match', '0 0 0', '0 0 0', '0 0 0', 'Match 0 0']
rs796052005,MUT,['Match 0 Quiet Match', 'Match 0 Quiet Match', 'Match 0 Quiet Match', 'Match 0 Quiet Match', '0 0 0', 'Match 0 Quiet Match', 'Match Clean Match Quiet Match', '0 0 0', '0 0 0', '0 0 0', '0 0 0', '0 0 0', '0 0 0', '0 0 0', '0 0 0', 'Match 0 Quiet Match', 'Match 0 Quiet Match', 'Match 0 Quiet Match', 'Match 0 Quiet Match', 'Match 0 0', '0 0 0', '0 0 0', '0 0 0', '0 0 0', '0 0 0', '0 0 0', '0 0 0', '0 0 0']
rs121908805_1,CFTR,['0 0 0', '0 0 0', '0 0 0', '0 0 0', '0 0 0', '0 0 0', '0 0 0', '0 0 0', '0 0 0', '0 0 0', '0 0 0', '0 0 0', '0 0 0', '0 0 0', '0 0 0', '0 0 0', '0 0 0', '0 0 0', '0 0 0', '0 0 0', '0 0 0', '0 0 0', '0 0 0', '0 0 0', '0 0 0', '0 0 0', '0 0 0', '0 0 0']
rs869312163,GLA,['0 0 0', '0 0 0', '0 0 0', '0 0 0', '0 0 0', '0 0 0', '0 0 0', '0 0 0', '0 0 0', '0 0 0', '0 0 0', '0 0 0', '0 0 0', '0 0 0', '0 0 0', '0 0 0', '0 0 0', '0 0 0', '0 0 0', '0 0 0', 'Match 0 0', '0 0 0', 'Match 0 0', 'Match 0 0', '0 0 0', '0 0 0', '0 0 0', '0 0 0']
rs879254831,LDLR,['Match 0 Quiet Match', 'Match 0 Quiet Match', 'Match 0 Quiet Match', 'Match 0 Quiet Match', '0 0 0', 'Match 0 Quiet Match', 'Match 0 Quiet Match', '0 0 0', 'Match 0 0', '0 0 0', '0 0 0', '0 0 0', '0 0 0', 'Match 0 0', '0 0 0', '0 0 0', 'Match 0 Quiet Match', 'Match 0 Quiet Match', 'Match 0 Quiet Match', 'Match 0 0', '0 0 0', '0 0 0', '0 0 0', '0 0 0', '0 0 0', '0 0 0', '0 0 0', '0 0 0']
rs146645381,ODAPH,['0 0 0', '0 0 0', '0 0 0', '0 0 0', '0 0 0', '0 0 0', '0 0 0', '0 0 0', '0 0 0', '0 0 0', '0 0 0', '0 0 0', '0 0 0', '0 0 0', '0 0 0', '0 0 0', '0 0 0', '0 0 0', '0 0 0', '0 0 0', '0 0 0', '0 0 0', '0 0 0', '0 0 0', '0 0 0', '0 0 0', '0 0 0', '0 0 0']
rs1057520647,GK,['0 0 0', '0 0 0', '0 0 0', '0 0 0', '0 0 0', '0 0 0', '0 0 0', '0 0 0', '0 0 0', '0 0 0', '0 0 0', '0 0 0', '0 0 0', '0 0 0', '0 0 0', '0 0 0', '0 0 0', '0 0 0', '0 0 0', '0 0 0', '0 0 0', '0 0 0', '0 0 0', '0 0 0', '0 0 0', '0 0 0', '0 0 0', '0 0 0']
rs121909358_2,GHR,['0 0 0', '0 0 0', '0 0 0', '0 0 0', '0 0 0', '0 0 0', '0 0 0', '0 0 0', '0 0 0', '0 0 0', '0 0 0', '0 0 0', '0 0 0', '0 0 0', '0 0 0', '0 0 0', '0 0 0', '0 0 0', '0 0 0', '0 0 0', '0 0 0', '0 0 0', '0 0 0', '0 0 0', '0 0 0', '0 0 0', '0 0 0', 'Match 0 0']
rs886039808,CEP290,['0 0 0', '0 0 0', '0 0 0', '0 0 0', '0 0 0', '0 0 0', '0 0 0', '0 0 0', '0 0 0', '0 0 0', '0 0 0', '0 0 0', '0 0 0', '0 0 0', '0 0 0', '0 0 0', '0 0 0', '0 0 0', '0 0 0', '0 0 0', '0 0 0', '0 0 0', '0 0 0', '0 0 0', '0 0 0', '0 0 0', '0 0 0', '0 0 0']
rs753508874_0,SMPD1,['0 0 0', '0 0 0', '0 0 0', '0 0 0', '0 0 0', '0 0 0', '0 0 0', '0 0 0', '0 0 0', '0 0 0', '0 0 0', '0 0 0', '0 0 0', '0 0 0', '0 0 0', '0 0 0', '0 0 0', '0 0 0', '0 0 0', '0 0 0', '0 0 0', '0 0 0', '0 0 0', '0 0 0', '0 0 0', '0 0 0', '0 0 0', '0 0 0']
rs118203974,FGD4,['0 0 0', '0 0 0', '0 0 0', '0 0 0', '0 0 0', '0 0 0', '0 0 0', '0 0 0', '0 0 0', '0 0 0', '0 0 0', '0 0 0', '0 0 0', '0 0 0', '0 0 0', '0 0 0', '0 0 0', '0 0 0', '0 0 0', '0 0 0', 'Match Clean Match Quiet Match', '0 0 0', 'Match 0 Quiet Match', 'Match Clean Match Quiet Match', '0 0 0', '0 0 0', '0 0 0', '0 0 0']
rs121918707,THRB,['0 0 0', '0 0 0', '0 0 0', '0 0 0', '0 0 0', '0 0 0', '0 0 0', '0 0 0', '0 0 0', '0 0 0', '0 0 0', '0 0 0', '0 0 0', '0 0 0', '0 0 0', '0 0 0', '0 0 0', '0 0 0', '0 0 0', '0 0 0', 'Match Clean Match Quiet Match', 'Match Clean Match Quiet Match', 'Match Clean Match Quiet Match', 'Match Clean Match Quiet Match', '0 0 0', '0 0 0', '0 0 0', '0 0 0']
rs137852777,EFHC1,['0 0 0', '0 0 0', '0 0 0', '0 0 0', '0 0 0', '0 0 0', '0 0 0', '0 0 0', '0 0 0', '0 0 0', '0 0 0', '0 0 0', '0 0 0', '0 0 0', '0 0 0', '0 0 0', '0 0 0', '0 0 0', '0 0 0', '0 0 0', '0 0 0', '0 0 0', '0 0 0', '0 0 0', '0 0 0', '0 0 0', '0 0 0', '0 0 0']
rs137854567,APC,['0 0 0', '0 0 0', '0 0 0', '0 0 0', '0 0 0', '0 0 0', '0 0 0', '0 0 0', '0 0 0', '0 0 0', '0 0 0', '0 0 0', '0 0 0', '0 0 0', '0 0 0', '0 0 0', '0 0 0', '0 0 0', '0 0 0', '0 0 0', '0 0 0', '0 0 0', '0 0 0', 'Match 0 Quiet Match', '0 0 0', 'Match 0 Quiet Match', '0 0 0', 'Match 0 Quiet Match']
rs540911439,TYR,['0 0 0', '0 0 0', '0 0 0', '0 0 0', '0 0 0', '0 0 0', '0 0 0', '0 0 0', '0 0 0', '0 0 0', '0 0 0', '0 0 0', '0 0 0', '0 0 0', '0 0 0', '0 0 0', '0 0 0', '0 0 0', '0 0 0', '0 0 0', '0 0 0', '0 0 0', '0 0 0', '0 0 0', '0 0 0', '0 0 0', '0 0 0', 'Match Clean Match Quiet Match']
rs369804798_1,SLC6A19,['0 0 0', '0 0 0', '0 0 0', '0 0 0', '0 0 0', '0 0 0', '0 0 0', '0 0 0', '0 0 0', '0 0 0', '0 0 0', '0 0 0', '0 0 0', '0 0 0', '0 0 0', '0 0 0', '0 0 0', '0 0 0', '0 0 0', '0 0 0', '0 0 0', '0 0 0', '0 0 0', 'Match 0 Quiet Match', '0 0 0', 'Match Clean Match Quiet Match', '0 0 0', 'Match 0 Quiet Match']
rs138452760,PRICKLE1,['0 0 0', '0 0 0', '0 0 0', '0 0 0', '0 0 0', '0 0 0', '0 0 0', '0 0 0', '0 0 0', '0 0 0', '0 0 0', '0 0 0', '0 0 0', '0 0 0', '0 0 0', '0 0 0', '0 0 0', '0 0 0', '0 0 0', '0 0 0', '0 0 0', '0 0 0', '0 0 0', '0 0 0', '0 0 0', '0 0 0', '0 0 0', '0 0 0']
rs199473002,KCNH2,['0 0 0', '0 0 0', '0 0 0', '0 0 0', '0 0 0', '0 0 0', '0 0 0', '0 0 0', '0 0 0', '0 0 0', '0 0 0', '0 0 0', '0 0 0', '0 0 0', '0 0 0', '0 0 0', '0 0 0', '0 0 0', '0 0 0', '0 0 0', '0 0 0', '0 0 0', '0 0 0', '0 0 0', '0 0 0', '0 0 0', '0 0 0', '0 0 0']
rs886039756,UBA5,['0 0 0', '0 0 0', '0 0 0', '0 0 0', '0 0 0', '0 0 0', '0 0 0', '0 0 0', '0 0 0', '0 0 0', '0 0 0', '0 0 0', '0 0 0', '0 0 0', '0 0 0', '0 0 0', '0 0 0', '0 0 0', '0 0 0', '0 0 0', '0 0 0', 'Match Clean Match Quiet Match', 'Match Clean Match Quiet Match', 'Match Clean Match Quiet Match', '0 0 0', '0 0 0', 'Match Clean Match Quiet Match', '0 0 0']
rs199422181,ASPM,['0 0 0', '0 0 0', '0 0 0', '0 0 0', '0 0 0', '0 0 0', '0 0 0', '0 0 0', '0 0 0', '0 0 0', '0 0 0', '0 0 0', '0 0 0', '0 0 0', '0 0 0', '0 0 0', '0 0 0', '0 0 0', '0 0 0', '0 0 0', '0 0 0', '0 0 0', '0 0 0', '0 0 0', '0 0 0', '0 0 0', '0 0 0', '0 0 0']
rs796064504,PAH,['Match 0 Quiet Match', 'Match 0 Quiet Match', 'Match 0 Quiet Match', 'Match 0 Quiet Match', '0 0 0', 'Match 0 Quiet Match', 'Match Clean Match Quiet Match', '0 0 0', '0 0 0', '0 0 0', '0 0 0', '0 0 0', '0 0 0', 'Match 0 0', '0 0 0', '0 0 0', 'Match 0 Quiet Match', 'Match 0 Quiet Match', 'Match 0 Quiet Match', 'Match 0 0', '0 0 0', '0 0 0', '0 0 0', '0 0 0', '0 0 0', '0 0 0', '0 0 0', '0 0 0']
rs281865453,PAH,['Match 0 0', 'Match 0 0', 'Match 0 0', 'Match 0 0', '0 0 0', 'Match 0 0', '0 0 0', '0 0 0', 'Match 0 0', '0 0 0', '0 0 0', '0 0 0', '0 0 0', '0 0 0', '0 0 0', 'Match 0 Quiet Match', 'Match 0 Quiet Match', 'Match 0 0', 'Match 0 0', 'Match 0 0', '0 0 0', '0 0 0', '0 0 0', '0 0 0', '0 0 0', '0 0 0', '0 0 0', '0 0 0']
rs387906952,GALC,['0 0 0', '0 0 0', '0 0 0', '0 0 0', '0 0 0', '0 0 0', '0 0 0', '0 0 0', '0 0 0', '0 0 0', '0 0 0', '0 0 0', '0 0 0', '0 0 0', '0 0 0', '0 0 0', '0 0 0', '0 0 0', '0 0 0', '0 0 0', '0 0 0', '0 0 0', '0 0 0', '0 0 0', '0 0 0', '0 0 0', '0 0 0', 'Match 0 0']
rs730880543,MYBPC3,['0 0 0', '0 0 0', '0 0 0', '0 0 0', '0 0 0', '0 0 0', '0 0 0', '0 0 0', '0 0 0', '0 0 0', '0 0 0', '0 0 0', '0 0 0', '0 0 0', '0 0 0', '0 0 0', '0 0 0', '0 0 0', '0 0 0', '0 0 0', 'Match Clean Match Quiet Match', 'Match Clean Match Quiet Match', 'Match Clean Match Quiet Match', 'Match Clean Match Quiet Match', '0 0 0', 'Match Clean Match Quiet Match', '0 0 0', '0 0 0']
rs28933384,KCNE1,['0 0 0', '0 0 0', '0 0 0', '0 0 0', '0 0 0', '0 0 0', '0 0 0', '0 0 0', '0 0 0', '0 0 0', '0 0 0', '0 0 0', '0 0 0', '0 0 0', '0 0 0', '0 0 0', '0 0 0', '0 0 0', '0 0 0', '0 0 0', '0 0 0', '0 0 0', '0 0 0', '0 0 0', 'Match Clean Match Quiet Match', '0 0 0', '0 0 0', 'Match Clean Match Quiet Match']
rs11555096_1,FAH,['0 0 0', '0 0 0', '0 0 0', '0 0 0', '0 0 0', '0 0 0', '0 0 0', '0 0 0', '0 0 0', '0 0 0', '0 0 0', '0 0 0', '0 0 0', '0 0 0', '0 0 0', '0 0 0', '0 0 0', '0 0 0', '0 0 0', '0 0 0', '0 0 0', '0 0 0', '0 0 0', 'Match Clean Match Quiet Match', '0 0 0', 'Match Clean Match Quiet Match', '0 0 0', '0 0 0']
rs139429793,EGFR,['0 0 0', '0 0 0', '0 0 0', '0 0 0', '0 0 0', '0 0 0', '0 0 0', '0 0 0', '0 0 0', '0 0 0', '0 0 0', '0 0 0', '0 0 0', '0 0 0', '0 0 0', '0 0 0', '0 0 0', '0 0 0', '0 0 0', '0 0 0', '0 0 0', 'Match 0 0', 'Match 0 0', 'Match 0 0', '0 0 0', '0 0 0', '0 0 0', 'Match 0 0']
rs121909803,HBA2,['0 0 0', '0 0 0', '0 0 0', '0 0 0', '0 0 0', '0 0 0', '0 0 0', '0 0 0', 'Match 0 0', '0 0 0', 'Match 0 0', 'Match 0 0', 'Match 0 0', 'Match 0 0', '0 0 0', '0 0 0', '0 0 0', 'Match 0 Quiet Match', '0 0 0', '0 0 0', '0 0 0', '0 0 0', '0 0 0', '0 0 0', '0 0 0', '0 0 0', '0 0 0', '0 0 0']
rs4010613,ABCD1,['0 0 0', '0 0 0', '0 0 0', '0 0 0', '0 0 0', '0 0 0', '0 0 0', '0 0 0', '0 0 0', '0 0 0', '0 0 0', '0 0 0', '0 0 0', '0 0 0', '0 0 0', '0 0 0', '0 0 0', '0 0 0', '0 0 0', '0 0 0', '0 0 0', '0 0 0', '0 0 0', 'Match Clean Match Quiet Match', '0 0 0', '0 0 0', '0 0 0', '0 0 0']
rs121912455,SOD1,['0 0 0', '0 0 0', '0 0 0', '0 0 0', '0 0 0', '0 0 0', '0 0 0', '0 0 0', '0 0 0', '0 0 0', '0 0 0', '0 0 0', '0 0 0', '0 0 0', '0 0 0', '0 0 0', '0 0 0', '0 0 0', '0 0 0', '0 0 0', '0 0 0', '0 0 0', '0 0 0', 'Match 0 Quiet Match', '0 0 0', 'Match Clean Match Quiet Match', '0 0 0', '0 0 0']
rs397515945,MYBPC3,['0 0 0', '0 0 0', '0 0 0', '0 0 0', '0 0 0', '0 0 0', '0 0 0', '0 0 0', '0 0 0', '0 0 0', '0 0 0', '0 0 0', '0 0 0', '0 0 0', '0 0 0', '0 0 0', '0 0 0', '0 0 0', '0 0 0', '0 0 0', '0 0 0', '0 0 0', '0 0 0', 'Match Clean Match Quiet Match', '0 0 0', 'Match Clean Match Quiet Match', '0 0 0', '0 0 0']
rs72653137,COL1A1,['0 0 0', '0 0 0', '0 0 0', '0 0 0', '0 0 0', '0 0 0', '0 0 0', '0 0 0', '0 0 0', '0 0 0', '0 0 0', '0 0 0', '0 0 0', '0 0 0', '0 0 0', '0 0 0', '0 0 0', '0 0 0', '0 0 0', '0 0 0', 'Match Clean Match Quiet Match', '0 0 0', 'Match Clean Match Quiet Match', 'Match Clean Match Quiet Match', '0 0 0', '0 0 0', '0 0 0', '0 0 0']
rs745688122,TCTN3,['0 0 0', '0 0 0', '0 0 0', '0 0 0', '0 0 0', '0 0 0', '0 0 0', '0 0 0', '0 0 0', '0 0 0', '0 0 0', '0 0 0', '0 0 0', '0 0 0', '0 0 0', '0 0 0', '0 0 0', '0 0 0', '0 0 0', '0 0 0', '0 0 0', '0 0 0', '0 0 0', 'Match 0 0', '0 0 0', '0 0 0', 'Match 0 0', '0 0 0']
rs137854441,FAM83H,['0 0 0', '0 0 0', '0 0 0', '0 0 0', '0 0 0', '0 0 0', '0 0 0', '0 0 0', '0 0 0', '0 0 0', '0 0 0', '0 0 0', '0 0 0', '0 0 0', '0 0 0', '0 0 0', '0 0 0', '0 0 0', '0 0 0', '0 0 0', '0 0 0', '0 0 0', '0 0 0', 'Match Clean Match Quiet Match', '0 0 0', 'Match Clean Match Quiet Match', '0 0 0', '0 0 0']
rs281874706,COL4A5,['0 0 0', '0 0 0', '0 0 0', '0 0 0', '0 0 0', '0 0 0', '0 0 0', '0 0 0', '0 0 0', '0 0 0', '0 0 0', '0 0 0', '0 0 0', '0 0 0', '0 0 0', '0 0 0', '0 0 0', '0 0 0', '0 0 0', '0 0 0', '0 0 0', 'Match 0 Quiet Match', 'Match 0 Quiet Match', 'Match 0 Quiet Match', '0 0 0', '0 0 0', '0 0 0', '0 0 0']
rs875989841,PDE10A,['0 0 0', '0 0 0', '0 0 0', '0 0 0', '0 0 0', '0 0 0', '0 0 0', '0 0 0', 'Match 0 0', '0 0 0', '0 0 0', '0 0 0', '0 0 0', '0 0 0', '0 0 0', '0 0 0', '0 0 0', 'Match 0 0', '0 0 0', 'Match 0 0', '0 0 0', '0 0 0', '0 0 0', '0 0 0', '0 0 0', '0 0 0', '0 0 0', '0 0 0']
rs730881238,APC,['0 0 0', '0 0 0', '0 0 0', '0 0 0', '0 0 0', '0 0 0', '0 0 0', '0 0 0', '0 0 0', '0 0 0', '0 0 0', '0 0 0', '0 0 0', '0 0 0', '0 0 0', '0 0 0', '0 0 0', '0 0 0', '0 0 0', '0 0 0', '0 0 0', '0 0 0', '0 0 0', '0 0 0', '0 0 0', '0 0 0', '0 0 0', '0 0 0']
rs372659908,AHI1,['0 0 0', '0 0 0', '0 0 0', '0 0 0', '0 0 0', '0 0 0', '0 0 0', '0 0 0', '0 0 0', '0 0 0', '0 0 0', '0 0 0', '0 0 0', '0 0 0', '0 0 0', '0 0 0', '0 0 0', '0 0 0', '0 0 0', '0 0 0', '0 0 0', '0 0 0', '0 0 0', '0 0 0', 'Match 0 Quiet Match', '0 0 0', '0 0 0', 'Match 0 Quiet Match']
rs757676723,USH2A,['0 0 0', '0 0 0', '0 0 0', '0 0 0', '0 0 0', '0 0 0', '0 0 0', '0 0 0', '0 0 0', '0 0 0', '0 0 0', '0 0 0', '0 0 0', '0 0 0', '0 0 0', '0 0 0', '0 0 0', '0 0 0', '0 0 0', '0 0 0', '0 0 0', '0 0 0', '0 0 0', 'Match Clean Match Quiet Match', '0 0 0', '0 0 0', '0 0 0', '0 0 0']
rs755875230,RYR1,['0 0 0', '0 0 0', '0 0 0', '0 0 0', '0 0 0', '0 0 0', '0 0 0', '0 0 0', '0 0 0', '0 0 0', '0 0 0', '0 0 0', '0 0 0', '0 0 0', '0 0 0', '0 0 0', '0 0 0', '0 0 0', '0 0 0', '0 0 0', 'Match Clean Match Quiet Match', 'Match Clean Match Quiet Match', 'Match Clean Match Quiet Match', 'Match Clean Match Quiet Match', '0 0 0', '0 0 0', '0 0 0', '0 0 0']
